Issue Type,Summary,Description,Labels,Priority,Original Estimate
Task,Definir alcance MVP y arquitectura,"ID local: T101. Fase: Fase técnica. Responsable propuesto por rol: PO y Arquitecto. Ventana relativa: D0-D5. MoSCoW: must. Dependencias locales: ninguna. Criterios de aceptación: Flujo QR/API, roles y criterios de aceptación acordados. Supuestos y notas: Plan propuesto sujeto a validación del equipo; no representa ejecución real.",caso_tpaga moscow_must fase_1,High,
Task,Diseñar flujo móvil y mensajes de estado,ID local: T102. Fase: Fase técnica. Responsable propuesto por rol: Frontend con UX por confirmar. Ventana relativa: D0-D5. MoSCoW: must. Dependencias locales: 101 parcial. Criterios de aceptación: Diseño incluye éxito rechazo pendiente y validaciones. Supuestos y notas: Plan propuesto sujeto a validación del equipo; no representa ejecución real.,caso_tpaga moscow_must fase_1,High,
Task,Desarrollar flujo móvil del MVP,ID local: T103. Fase: Fase técnica. Responsable propuesto por rol: Frontend. Ventana relativa: D5-D25. MoSCoW: must. Dependencias locales: 102. Criterios de aceptación: Flujo acordado implementado y probado. Supuestos y notas: Plan propuesto sujeto a validación del equipo; no representa ejecución real.,caso_tpaga moscow_must fase_1,High,
Task,Implementar API autorización estados y trazabilidad,ID local: T104. Fase: Fase técnica. Responsable propuesto por rol: Backend. Ventana relativa: D5-D25. MoSCoW: must. Dependencias locales: 101. Criterios de aceptación: Contrato de API y autorización acordados; estados y trazabilidad verificables; ajustes al contrato del aliado separados de las 80 h de T106. Supuestos y notas: Plan propuesto sujeto a validación del equipo; no representa ejecución real.,caso_tpaga moscow_must fase_1,High,
Task,Validar duplicados consulta y pendientes,ID local: T105. Fase: Fase técnica. Responsable propuesto por rol: Arquitecto y Backend. Ventana relativa: D5-D25. MoSCoW: must. Dependencias locales: 104 parcial. Criterios de aceptación: Idempotencia y consulta de estado probadas según contrato. Supuestos y notas: Plan propuesto sujeto a validación del equipo; no representa ejecución real.,caso_tpaga moscow_must fase_1,High,
Task,Corregir hallazgo alto de autorización,"ID local: T106. Fase: Fase técnica. Responsable propuesto por rol: Backend. Ventana relativa: D15-D25. MoSCoW: must. Dependencias locales: 104 parcial. Criterios de aceptación: Corrección revisada y pruebas unitarias pertinentes aprobadas; retest separado. Supuestos y notas: 80 horas acumuladas del caso, contadas una sola vez. Distribución entre personas por validar en D15. Retest y regresión se estiman por separado.",caso_tpaga moscow_must fase_1,High,288000
Task,Construir mocks mínimos basados en contrato,"ID local: T107. Fase: Fase técnica. Responsable propuesto por rol: Backend y Arquitecto. Ventana relativa: D17-D20. MoSCoW: could. Dependencias locales: 201;203 parcial. Criterios de aceptación: Respuestas éxito rechazo pendiente timeout y duplicados acordadas; datos sintéticos. Supuestos y notas: Medida de recuperación condicionada a especificaciones, beneficio y capacidad. Esfuerzo por estimar; prioridad de la corrección si comparten recursos. No sustituye E2E.",caso_tpaga moscow_could fase_1,Medium,
Task,Push avanzadas diferidas,ID local: T108. Fase: Fase técnica. Responsable propuesto por rol: Backend y Frontend. Ventana relativa: Fase 2 sin fecha. MoSCoW: should. Dependencias locales: ninguna. Criterios de aceptación: Reingreso al backlog sujeto a prioridad y capacidad. Supuestos y notas: Candidato a aplazamiento; verificar presencia en backlog y esfuerzo backend liberable en la ventana afectada. No se presume una cifra de ahorro.,caso_tpaga moscow_should fase_1 diferido_fase_2,Medium,
Task,Analítica personalizada diferida,ID local: T109. Fase: Fase técnica. Responsable propuesto por rol: Backend y Frontend. Ventana relativa: Fase 2 sin fecha. MoSCoW: could. Dependencias locales: ninguna. Criterios de aceptación: Conservar trazabilidad y métricas esenciales; reingreso aprobado. Supuestos y notas: Candidato a aplazamiento; esfuerzo backend por estimar y validar. Conservar métricas operativas esenciales.,caso_tpaga moscow_could fase_1 diferido_fase_2,Medium,
Task,Reintentos automáticos avanzados diferidos,ID local: T110. Fase: Fase técnica. Responsable propuesto por rol: Backend. Ventana relativa: Fase 2 sin fecha. MoSCoW: wont. Dependencias locales: ninguna. Criterios de aceptación: No reenviar pendientes sin verificar; controles contra duplicados se conservan. Supuestos y notas: Aplazamiento propuesto; esfuerzo por estimar. Se mantienen prevención de duplicados y atención de pendientes.,caso_tpaga moscow_wont fase_1 diferido_fase_2,Medium,
Task,Confirmar roles infraestructura y contrato técnico,ID local: T201. Fase: Fase regulatoria y riesgos. Responsable propuesto por rol: Arquitecto PM Cumplimiento y aliados. Ventana relativa: D15-D17. MoSCoW: must. Dependencias locales: 101. Criterios de aceptación: Versión y cambio del aliado identificados; roles procesadora/banco/Tpaga confirmados. Supuestos y notas: Plan propuesto sujeto a validación del equipo; no representa ejecución real.,caso_tpaga moscow_must fase_2,High,
Task,Registrar incidentes y riesgos derivados,ID local: T202. Fase: Fase regulatoria y riesgos. Responsable propuesto por rol: PM con Riesgo Operativo y CIB. Ventana relativa: D15 diagnóstico inicial; actualización hasta D40. MoSCoW: must. Dependencias locales: ninguna. Criterios de aceptación: Incidentes materializados separados de riesgos futuros; responsable acción fecha. Supuestos y notas: P e impacto propuestos para riesgos futuros. Incidentes ya materializados sin probabilidad futura.,caso_tpaga moscow_must fase_2,High,
Task,Aprobar diferimientos y capacidad por rol,"ID local: T203. Fase: Fase regulatoria y riesgos. Responsable propuesto por rol: PO PM y Arquitecto. Ventana relativa: D15 decisión inicial; confirmación a más tardar D20. MoSCoW: must. Dependencias locales: 202 parcial. Criterios de aceptación: PO aprueba diferimientos tras estimación de Desarrollo y Arquitectura. Distribución de las 80 horas, disponibilidad por rol y déficit documentados; apoyo autorizado si necesario. Supuestos y notas: No se presume liberación de 92 horas, capacidad semanal de 30 horas ni esfuerzo de mocks de 12 horas. La autorización inicial para corregir se obtiene en D15.",caso_tpaga moscow_must fase_2,High,
Task,Confirmar sandbox y agenda externa de 5 días,"ID local: T204. Fase: Fase regulatoria y riesgos. Responsable propuesto por rol: PM procesadora y banco. Ventana relativa: D15-D20. MoSCoW: must. Dependencias locales: 201. Criterios de aceptación: Aliados confirman sandbox funcional D30, E2E D30-D33 y certificación D33-D35 según requisitos aplicables. Escalar al comité si no es viable. Supuestos y notas: Plan propuesto sujeto a validación del equipo; no representa ejecución real.",caso_tpaga moscow_must fase_2,High,
Task,Revisar requisitos jurídicos y contrato aliado,ID local: T205. Fase: Fase regulatoria y riesgos. Responsable propuesto por rol: Cumplimiento con apoyo jurídico. Ventana relativa: D15-D20. MoSCoW: must. Dependencias locales: 201 parcial. Criterios de aceptación: Normograma por actor: D2555 Libro17/D1692; DSP465 si aplica; L1581 y D1074; L1328/L1480 según relación; CC1602/1603 y CCo871. Contrato y obligaciones de cambio verificados. Supuestos y notas: Cumplimiento valida sus requisitos con apoyo jurídico cuando corresponda. No se agregan tareas de implementación SARLAFT. Aplicabilidad de normas por actor por confirmar.,caso_tpaga moscow_must fase_2,High,
Task,Emitir informe ejecutivo y escalación a PO,"ID local: T206. Fase: Fase regulatoria y riesgos. Responsable propuesto por rol: PM. Ventana relativa: D15 y actualización semanal. MoSCoW: must. Dependencias locales: 202 parcial. Criterios de aceptación: Reporte máximo una página; impacto opciones recomendación y decisiones. Supuestos y notas: Primer reporte D15, revisión de viabilidad D20, actualización semanal y escalación inmediata ante bloqueos críticos.",caso_tpaga moscow_must fase_2,High,
Task,Consolidar cumplimiento y evidencia de salida,ID local: T207. Fase: Fase regulatoria y riesgos. Responsable propuesto por rol: Cumplimiento y PM. Ventana relativa: D20-D35. MoSCoW: must. Dependencias locales: 205. Criterios de aceptación: Condiciones legales/contractuales obligatorias con evidencia y aprobador. Supuestos y notas: Plan propuesto sujeto a validación del equipo; no representa ejecución real.,caso_tpaga moscow_must fase_2,High,
Task,Preparar casos E2E y datos de prueba,ID local: T301. Fase: Fase de pruebas. Responsable propuesto por rol: QA. Ventana relativa: D20-D25. MoSCoW: must. Dependencias locales: 101;201. Criterios de aceptación: Suite obligatoria y datos acordados con aliados; evidencias definidas. Supuestos y notas: Preparación detallada propuesta D20-D25; diagnóstico preliminar posible D15-D20. No exige disponer de mocks.,caso_tpaga moscow_must fase_3,High,
Task,Validar simulador y respuestas internas,"ID local: T302. Fase: Fase de pruebas. Responsable propuesto por rol: QA. Ventana relativa: D17-D20. MoSCoW: could. Dependencias locales: 107 parcial. Criterios de aceptación: Escenarios simulados comprobados y límites registrados. Supuestos y notas: Actividad condicionada a construir mocks; validar entregas parciales D17-D20. Si se omiten, documentar la decisión sin omitir E2E.",caso_tpaga moscow_could fase_3,Medium,
Task,Ejecutar regresión interna preparatoria,ID local: T303. Fase: Fase de pruebas. Responsable propuesto por rol: QA. Ventana relativa: D15-D25. MoSCoW: must. Dependencias locales: 103 parcial;104 parcial. Criterios de aceptación: Casos internos ejecutados; defectos y evidencia registrados. Supuestos y notas: Plan propuesto sujeto a validación del equipo; no representa ejecución real.,caso_tpaga moscow_must fase_3,High,
Task,Revisar corrección y ejecutar retest independiente,ID local: T304. Fase: Fase de pruebas. Responsable propuesto por rol: Ciberseguridad con Arquitecto. Ventana relativa: D25-D30. MoSCoW: must. Dependencias locales: 106. Criterios de aceptación: Informe de retest del hallazgo alto aprobado; sin hallazgos bloqueantes. Supuestos y notas: Ciberseguridad aprueba retest de seguridad; Arquitectura apoya revisión. Esfuerzo y disponibilidad por confirmar.,caso_tpaga moscow_must fase_3,High,
Task,Coordinar retest y consolidar evidencias,ID local: T305. Fase: Fase de pruebas. Responsable propuesto por rol: QA. Ventana relativa: D25-D30. MoSCoW: must. Dependencias locales: 106. Criterios de aceptación: Evidencias trazables y coordinación sin duplicar ejecución CIB. Supuestos y notas: QA coordina y consolida evidencia sin duplicar esfuerzo de ejecución del retest de Ciberseguridad.,caso_tpaga moscow_must fase_3,High,
Task,Ejecutar regresión de autorización corregida,ID local: T306. Fase: Fase de pruebas. Responsable propuesto por rol: QA. Ventana relativa: D25-D30. MoSCoW: must. Dependencias locales: 106. Criterios de aceptación: Flujos y controles afectados aprobados; defectos bloqueantes cerrados. Supuestos y notas: QA valida regresión funcional; Desarrollo atiende defectos. Esfuerzo y disponibilidad por confirmar.,caso_tpaga moscow_must fase_3,High,
Task,Verificar disponibilidad real del sandbox,ID local: T307. Fase: Fase de pruebas. Responsable propuesto por rol: QA Arquitecto y proveedor. Ventana relativa: D30. MoSCoW: must. Dependencias locales: 204. Criterios de aceptación: Acceso versión datos y escenarios externos utilizables. Supuestos y notas: Plan propuesto sujeto a validación del equipo; no representa ejecución real.,caso_tpaga moscow_must fase_3,High,
Task,Ejecutar E2E con el aliado,"ID local: T308. Fase: Fase de pruebas. Responsable propuesto por rol: QA con procesadora y banco según rol. Ventana relativa: D30-D33. MoSCoW: must. Dependencias locales: 103;104;105;301;303;304;305;306;307. Criterios de aceptación: Escenarios obligatorios con el aliado aprobados; evidencias de estados, duplicados, pendientes, conciliación y proceso de liquidación según modelo. Defectos bloqueantes cerrados. Supuestos y notas: Tres días hábiles sujetos a acuerdo del aliado en D20. Los mocks no son condición obligatoria de E2E. No se asume movimiento de dinero real en sandbox.",caso_tpaga moscow_must fase_3,High,
Task,Cerrar certificación y aprobación externa,"ID local: T309. Fase: Fase de pruebas. Responsable propuesto por rol: Aliados con QA y Arquitecto. Ventana relativa: D33-D35. MoSCoW: must. Dependencias locales: 308. Criterios de aceptación: Certificación entendida como validación y aprobación de integración exigida por el aliado. Obtener evidencias obligatorias, o documentar que no requiere aprobación adicional según modelo confirmado. Supuestos y notas: Ventana D33-D35 propuesta y sujeta a confirmación del aliado; no es certificación ISO 20022 ni aprobación automática por concluir E2E.",caso_tpaga moscow_must fase_3,High,
Task,Evaluar automatización adicional de regresión,ID local: T310. Fase: Fase de pruebas. Responsable propuesto por rol: QA y Arquitecto. Ventana relativa: Fase posterior sin fecha. MoSCoW: should. Dependencias locales: ninguna. Criterios de aceptación: No posponer regresión necesaria aunque no se automatice. Supuestos y notas: Plan propuesto sujeto a validación del equipo; no representa ejecución real.,caso_tpaga moscow_should fase_3 diferido_fase_2,Medium,
Task,Preparar SOP conciliación y atención,ID local: T401. Fase: Fase de despliegue. Responsable propuesto por rol: Operaciones con Cumplimiento. Ventana relativa: D20-D30. MoSCoW: must. Dependencias locales: 101;205. Criterios de aceptación: Consulta estados conciliación excepciones y canal de atención definidos. Supuestos y notas: Plan propuesto sujeto a validación del equipo; no representa ejecución real.,caso_tpaga moscow_must fase_4,High,
Task,Preparar y ensayar despliegue y contingencia,ID local: T402. Fase: Fase de despliegue. Responsable propuesto por rol: Arquitecto Backend y Operaciones. Ventana relativa: D20-D30. MoSCoW: must. Dependencias locales: 101. Criterios de aceptación: Ensayo y criterios de contención; tratamiento de operaciones en curso. Supuestos y notas: Plan propuesto sujeto a validación del equipo; no representa ejecución real.,caso_tpaga moscow_must fase_4,High,
Task,Capacitar operación y cerrar ajustes finales,ID local: T403. Fase: Fase de despliegue. Responsable propuesto por rol: Operaciones. Ventana relativa: D33-D35. MoSCoW: must. Dependencias locales: 401;402;308;309 para cierre. Criterios de aceptación: Responsables y guías validados; ajustes posteriores a E2E incorporados. Supuestos y notas: Cierre operativo incorpora resultados de E2E. La aprobación externa condiciona el cierre cuando corresponda; actividades pueden avanzar en paralelo.,caso_tpaga moscow_must fase_4,High,
Task,Consolidar checklist y decisión Go No Go,ID local: T404. Fase: Fase de despliegue. Responsable propuesto por rol: PM y Comité con PO. Ventana relativa: D35. MoSCoW: must. Dependencias locales: 207;304;306;309;403. Criterios de aceptación: Aprobaciones internas y externas completas; acta de decisión. Supuestos y notas: PM consolida evidencia; autoridad interna competente decide. Su aprobación no sustituye validaciones especialistas ni externas obligatorias.,caso_tpaga moscow_must fase_4,High,
Task,Desplegar y validar salida a producción,ID local: T405. Fase: Fase de despliegue. Responsable propuesto por rol: Arquitecto Backend QA y Operaciones. Ventana relativa: D35-D36. MoSCoW: must. Dependencias locales: 404. Criterios de aceptación: Despliegue y smoke tests aprobados antes de habilitar flujo. Supuestos y notas: Plan propuesto sujeto a validación del equipo; no representa ejecución real.,caso_tpaga moscow_must fase_4,High,
Task,Monitorear estabilización y cerrar proyecto,"ID local: T406. Fase: Fase de despliegue. Responsable propuesto por rol: Operaciones con PM. Ventana relativa: D36-D40. MoSCoW: must. Dependencias locales: 405. Criterios de aceptación: Seguimiento mínimo 72 h transcurridas; incidentes tratados y pendientes documentados. Supuestos y notas: Go-live D36 propuesto. Seguimiento de 72 horas transcurridas requiere calendario real y cobertura acordada; D36-D40 es ventana de planificación, no jornada laboral.",caso_tpaga moscow_must fase_4,High,
